"Status","Start Time","Stop Time","Duration in ms","Parent Suite","Suite","Sub Suite","Test Class","Test Method","Name","Description"
"passed","Fri Oct 02 16:45:16 UTC 2026","Fri Oct 02 16:45:55 UTC 2026","38661","Jubilacion Patronal","specs/JubilacionPatronal/ACTAF-2216_cumplimiento_de_requisitos.test.ts","Verificar historias de Usuario para Jubilacion Patronal","","","Jubilacion Patronal | ACTAF-2216 | [HP] | TC02: Verificar info demografica es valida y no registra reingreso, la fecha de ingreso y salida es mayor a 25 años",""
"skipped","Fri Oct 02 16:48:20 UTC 2026","Fri Oct 02 16:48:20 UTC 2026","1","Jubilacion Patronal","specs/JubilacionPatronal/jubilacionPatronal.test.ts","Verificar historias de Usuario para Jubilacion Patronal","","","Jubilacion Patronal| [DBG] | TC04-DEBUG: Capturar endpoints reales sin interceptación (Reingreso)",""
"passed","Fri Oct 02 16:49:52 UTC 2026","Fri Oct 02 16:50:30 UTC 2026","38220","Jubilacion Patronal","specs/JubilacionPatronal/jubilacionPatronal.test.ts","Verificar historias de Usuario para Jubilacion Patronal","","","Jubilacion Patronal| ACTAF 2412 | [SP] | TC09 : Usuario deja algunos meses vacíos en remuneraciones",""
"passed","Fri Oct 02 16:48:03 UTC 2026","Fri Oct 02 16:49:05 UTC 2026","62406","Jubilacion Patronal","specs/JubilacionPatronal/jubilacionPatronal.test.ts","Verificar historias de Usuario para Jubilacion Patronal","","","Jubilacion Patronal| [AP] | TC04 : Flujo con reingreso - Usuario selecciona ""Sí"" , luego llena info normalmente",""
"skipped","Fri Oct 02 16:49:05 UTC 2026","Fri Oct 02 16:49:05 UTC 2026","0","Jubilacion Patronal","specs/JubilacionPatronal/jubilacionPatronal.test.ts","Verificar historias de Usuario para Jubilacion Patronal","","","Jubilacion Patronal| [DBG] | TC05-DEBUG: Capturar endpoints reales sin interceptación (Reingreso - Def. Remuneración)",""
"passed","Fri Oct 02 16:49:05 UTC 2026","Fri Oct 02 16:50:01 UTC 2026","55362","Jubilacion Patronal","specs/JubilacionPatronal/jubilacionPatronal.test.ts","Verificar historias de Usuario para Jubilacion Patronal","","","Jubilacion Patronal| ACTAF 2412 | [HP] | TC07 : Happy path, usuario ingresa 60 ultimas remuneraciones manualmente @daily",""
"passed","Fri Oct 02 16:48:20 UTC 2026","Fri Oct 02 16:49:13 UTC 2026","53206","Jubilacion Patronal","specs/JubilacionPatronal/jubilacionPatronal.test.ts","Verificar historias de Usuario para Jubilacion Patronal","","","Jubilacion Patronal| ACTAF 2305 | [AP] |TC05 : Flujo con reingreso - Usuario selecciona ""Sí"". Verificar documento de Definicion de Remuneracion",""
"passed","Fri Oct 02 16:50:18 UTC 2026","Fri Oct 02 16:50:35 UTC 2026","16506","Jubilacion Patronal","specs/JubilacionPatronal/jubilacionPatronal.test.ts","Verificar lista de Actas de Jubilación (Mis Actas)","","","Lista de Actas de Jubilación | [HP] | TC02: Usuario elimina una acta pendiente y el conteo se actualiza @daily",""
"passed","Fri Oct 02 16:46:28 UTC 2026","Fri Oct 02 16:47:53 UTC 2026","84493","Jubilacion Patronal","specs/JubilacionPatronal/ACTAF-2216_cumplimiento_de_requisitos.test.ts","Verificar historias de Usuario para Jubilacion Patronal","","","Jubilacion Patronal | ACTAF-2216 | [SP] | TC05: Verificar info demografica es valida y no registra reingreso, la fecha de salida le falta un dia para completar 20 años",""
"passed","Fri Oct 02 16:50:01 UTC 2026","Fri Oct 02 16:50:18 UTC 2026","17588","Jubilacion Patronal","specs/JubilacionPatronal/jubilacionPatronal.test.ts","Verificar lista de Actas de Jubilación (Mis Actas)","","","Lista de Actas de Jubilación | [HP] | TC01: Usuario visualiza actas pendientes y continúa con la primera acta @daily",""
"passed","Fri Oct 02 16:47:53 UTC 2026","Fri Oct 02 16:48:20 UTC 2026","26727","Jubilacion Patronal","specs/JubilacionPatronal/jubilacionPatronal.test.ts","Verificar historias de Usuario para Jubilacion Patronal","","","Jubilacion Patronal| [SP] | TC03 : Flujo con reingreso - Usuario selecciona ""Sí"" para reingreso y fecha de salida es menor a fecha de ingreso",""
"passed","Fri Oct 02 16:45:53 UTC 2026","Fri Oct 02 16:46:28 UTC 2026","35006","Jubilacion Patronal","specs/JubilacionPatronal/ACTAF-2216_cumplimiento_de_requisitos.test.ts","Verificar historias de Usuario para Jubilacion Patronal","","","Jubilacion Patronal | ACTAF-2216 | ACTAF-2475 | [AP] | TC03: Verificar info demografica es valida y no registra reingreso, la fecha de ingreso y salida no es mayor a 20 años",""
"passed","Fri Oct 02 16:45:16 UTC 2026","Fri Oct 02 16:45:53 UTC 2026","36929","Jubilacion Patronal","specs/JubilacionPatronal/ACTAF-2216_cumplimiento_de_requisitos.test.ts","Verificar historias de Usuario para Jubilacion Patronal","","","Jubilacion Patronal | ACTAF-2216 | [SP] | TC01: Verificar alerta aparesca cuando primer ingreso no cumple con 14 años diferencia con edad",""
"passed","Fri Oct 02 16:46:29 UTC 2026","Fri Oct 02 16:47:26 UTC 2026","57534","Jubilacion Patronal","specs/JubilacionPatronal/jubilacionPatronal.test.ts","Verificar historias de Usuario para Jubilacion Patronal","","","Jubilacion Patronal| [HP] | TC01 : Happy path, usuario sube archivo de remuneraciones, tambien verifica que se descargue el reporte de remu subido @daily",""
"passed","Fri Oct 02 16:49:13 UTC 2026","Fri Oct 02 16:49:52 UTC 2026","38852","Jubilacion Patronal","specs/JubilacionPatronal/jubilacionPatronal.test.ts","Verificar historias de Usuario para Jubilacion Patronal","","","Jubilacion Patronal| ACTAF 2412 | [SP] | TC08 : Usuario ingresa remuneraciones con valor menor al sueldo mínimo ($400)",""
"skipped","Fri Oct 02 16:47:26 UTC 2026","Fri Oct 02 16:47:26 UTC 2026","0","Jubilacion Patronal","specs/JubilacionPatronal/jubilacionPatronal.test.ts","Verificar historias de Usuario para Jubilacion Patronal","","","Jubilacion Patronal| [DBG] | TC01-DEBUG: Capturar endpoints reales sin interceptación (Confirmar pedido)",""
"passed","Fri Oct 02 16:45:55 UTC 2026","Fri Oct 02 16:46:29 UTC 2026","33749","Jubilacion Patronal","specs/JubilacionPatronal/ACTAF-2216_cumplimiento_de_requisitos.test.ts","Verificar historias de Usuario para Jubilacion Patronal","","","Jubilacion Patronal | ACTAF-2216 | [AP] | TC04: Verificar info demografica es valida y no registra reingreso, la fecha de ingreso y salida es mayor por un dia a 20 años",""
"passed","Fri Oct 02 16:47:26 UTC 2026","Fri Oct 02 16:48:03 UTC 2026","36581","Jubilacion Patronal","specs/JubilacionPatronal/jubilacionPatronal.test.ts","Verificar historias de Usuario para Jubilacion Patronal","","","Jubilacion Patronal| [SP] |TC02: Usuario sube archivo archivo con info incorrecta",""
